<?xml version="1.0" encoding="utf-8"?>
<extension engine="1.0">
	<id>default_avatar</id>
	<title>Default Avatar</title>
	<version>1.0</version>
	<description>Allows the use of a default avatar in case an avatar is not set.</description>
	<author>Garciat</author>
	<minversion>1.3</minversion>
	<maxtestedon>1.3.2</maxtestedon>
	
	<install>
		<![CDATA[
//Insert config values
$new_config = array(
	'o_default_avatar'			=> '',
	'o_default_avatar_url'		=> ''
);

foreach($new_config as $key => $value)
{
	if (!isset($forum_config[$key]))
	{
		$query = array(
			'INSERT'	=> 'conf_name, conf_value',
			'INTO'		=> 'config',
			'VALUES'	=> '\''.$key.'\', \''.$value.'\''
		);
		$forum_db->query_build($query) or error(__FILE__, __LINE__);
	}
}
		]]>
	</install>
	
	<uninstall>
		<![CDATA[
$query = array(
	'DELETE'	=> 'config',
	'WHERE'		=> 'conf_name in (\'o_default_avatar\', \'o_default_avatar_url\')',
);
$forum_db->query_build($query) or error(__FILE__, __LINE__);
		]]>
	</uninstall>
	
	<hooks>
		<hook id="fn_generate_avatar_markup_end">
			<![CDATA[
if(empty($avatar_markup) && $forum_config['o_default_avatar'])
{
	$img_size = @getimagesize($forum_config['o_default_avatar_url']);
	$avatar_markup = '<img src="'.$forum_config['o_default_avatar_url'].'" '.$img_size[3].' alt="" />';
}
			]]>
		</hook>
		<hook id="aop_setup_validation">
			<![CDATA[
if (!isset($form['default_avatar']) || $form['default_avatar'] != '1')
	$form['default_avatar'] = '0';
			]]>
		</hook>
		<hook id="aop_features_pre_avatars_fieldset_end">
			<![CDATA[
if (file_exists($ext_info['path'].'/lang/'.$forum_user['language'].'/'.$ext_info['id'].'.php'))
	include $ext_info['path'].'/lang/'.$forum_user['language'].'/'.$ext_info['id'].'.php';
else
	include $ext_info['path'].'/lang/English/default_avatar.php';


?>
				<div class="sf-set set<?php echo ++$forum_page['item_count'] ?>">
					<div class="sf-box checkbox">
						<span class="fld-input"><input type="checkbox" id="fld<?php echo ++$forum_page['fld_count'] ?>" name="form[default_avatar]" value="1"<?php if ($forum_config['o_default_avatar'] == '1') echo ' checked="checked"' ?> /></span>
						<label for="fld<?php echo $forum_page['fld_count'] ?>"><span><?php echo $lang_default_avatar['Default avatar'] ?></span></label>
					</div>
				</div>
				<div class="sf-set set<?php echo ++$forum_page['item_count'] ?>">
					<div class="sf-box text">
						<label for="fld<?php echo ++$forum_page['fld_count'] ?>"><span><?php echo $lang_default_avatar['Default avatar url'] ?></span></label><br />
						<span class="fld-input"><input type="text" id="fld<?php echo $forum_page['fld_count'] ?>" name="form[default_avatar_url]" size="50" value="<?php echo $forum_config['o_default_avatar_url'] ?>" /></span>
					</div>
				</div>
<?php
			]]>
		</hook>
	</hooks>
</extension>